,ID,shoe_height,EC_Code,use_RF,Date,Day,Time,scores_differ_but_one,score_differs,Temp_True,SOQ1,SOQ2,SOQ3,SOQ4,SOQ5,SOQ6,SOQ7,SOQ8,Shoe_comfort,Intoxicated,Drinks,Weather,Temp_Think,Cold,Age,Race,Sex_Orient,Heightfeet,Heightinches,Weight,Openshoes,Barelegs,Arms,Shoulders,Cleavage,Openback,Midriff,No_jacket,Jean_rips,Judged_shoe_comfort,Clothes_RF,HG_shoes,SOQ1_R,SOQ2_R,SOQ3_R,SOQ4_R,SOQ7_R,SOQ8_R,Self_Obj,height.just.inches,BMI,filter_$,use_RF_coded,test_1,combined_filter,full_SO,Zshoe_height,white
1,170,NA,1,1,1052832:00:00,1,11:15:00.000000,1,1,50,4,3,3,2,5,6,2,2,1,2,3,1,60,1,23,5,1,4,11,100,0,0,1,0,0,0,0,1,0,2,2,NA,3,4,4,5,5,5,4.625,59,20.1953461648951,1,NA,NA,1,4.625,NA,0
2,26,1,1,1,1052832:00:00,1,10:26:00.000000,1,1,52,1,6,1,1,6,6,1,1,6,1,0,2,57,1,20,1,2,5,2,250,1,0,0,0,0,0,0,1,0,2,2,3,6,1,6,6,6,6,5.375,62,45.7206035379813,1,NA,NA,1,5.375,-0.632686650452512,1
3,27,1,0,1,1052832:00:00,1,11:21:00.000000,1,1,50,1,5,3,3,2,4,5,4,6,1,0,1,51,3,29,2,1,5,3,170,0,0,0,0,0,0,0,0,0,3,0,3,6,2,4,4,2,3,3.375,63,30.1108591584782,1,NA,NA,1,3.375,-0.632686650452512,0
4,67,1,1,1,1052832:00:00,1,10:01:00.000000,1,1,52,3,6,3,3,1,5,3,6,6,3,3,1,55,3,21,1,2,5,5,140,1,1,1,0,0,0,0,1,0,3,4,3,4,1,4,4,4,1,3,65,23.294674556213,1,NA,NA,1,3,-0.632686650452512,1
5,68,1,0,1,1052832:00:00,1,10:08:00.000000,1,1,52,1,2,1,1,1,6,1,1,6,2,0,1,NA,6,20,2,1,5,1,110,1,1,0,1,0,1,1,1,0,2,6,3,6,5,6,6,6,6,5.25,61,20.7820478366031,1,NA,NA,1,5.25,-0.632686650452512,0
6,69,1,1,1,1052832:00:00,1,NA,1,1,52,2,4,3,4,5,5,4,4,3,3,0,1,50,3,19,1,NA,5,2,157,1,1,0,0,0,0,1,0,0,2,3,3,5,3,4,3,3,3,3.875,62,28.7125390218522,1,NA,NA,1,3.875,-0.632686650452512,1
7,70,1,1,1,1052832:00:00,1,10:27:00.000000,1,1,52,1,3,2,1,2,4,3,1,3,1,0,1,60,5,22,1,1,5,7,120,1,0,0,0,0,0,0,0,1,2,2,3,6,4,5,6,4,6,4.625,67,18.7926041434618,1,NA,NA,1,4.625,-0.632686650452512,1
8,71,1,0,0,1052832:00:00,1,10:40:00.000000,1,1,51,1,6,1,1,4,1,1,6,6,1,1,1,56,4,21,NA,1,5,3,175,0,1,0,0,1,0,0,1,0,3,3,3,6,1,6,6,6,1,3.875,63,30.9964726631393,1,1,1,NA,3.875,-0.632686650452512,0
9,72,1,1,1,1052832:00:00,1,11:21:00.000000,1,1,50,4,3,2,1,5,6,4,4,6,1,1,1,60,5,29,3,NA,5,1,130,0,0,1,0,0,0,0,1,0,3,2,3,3,4,5,6,3,3,4.375,61,24.5606019887127,1,NA,NA,1,4.375,-0.632686650452512,0
10,73,1,1,1,1052832:00:00,1,11:30:00.000000,1,1,50,1,3,1,6,6,6,6,1,6,1,0,1,67,6,21,5,1,5,1,127,1,1,0,1,1,0,1,1,0,2,6,3,6,4,6,1,1,6,4.5,61,23.9938188658963,1,NA,NA,1,4.5,-0.632686650452512,0
11,108,1,1,1,1052832:00:00,1,10:01:00.000000,1,1,52,3,3,3,3,2,2,4,2,4,4,5,2,50,3,22,1,2,5,10,150,0,0,0,0,0,0,0,0,0,3,0,3,4,4,4,4,3,5,3.5,70,21.5204081632653,1,NA,NA,1,3.5,-0.632686650452512,1
12,109,1,1,1,1052832:00:00,1,10:26:00.000000,1,1,52,1,4,4,3,5,5,5,5,6,3,3,1,50,4,23,1,1,5,5,155,1,0,0,0,0,0,1,1,0,2,3,3,6,3,3,4,2,2,3.75,65,25.7905325443787,1,NA,NA,1,3.75,-0.632686650452512,1
13,110,1,1,1,1052832:00:00,1,11:21:00.000000,1,1,50,4,6,6,6,2,2,2,6,6,1,0,1,50,4,32,2,1,5,2,175,0,0,0,0,0,0,0,1,0,3,1,3,3,1,1,1,5,1,2,62,32.0044224765869,1,NA,NA,1,2,-0.632686650452512,0
14,112,1,1,1,1052832:00:00,1,11:56:00.000000,1,1,48,5,6,5,3,4,3,5,4,2,1,1,1,56,3,20,5,3,5,4,167,0,0,1,0,0,0,0,0,0,3,1,3,2,1,2,4,2,3,2.625,64,28.662353515625,1,NA,NA,1,2.625,-0.632686650452512,0
15,155,1,1,1,1052832:00:00,1,11:33:00.000000,1,1,50,5,4,5,6,3,4,4,5,6,3,8,1,65,3,21,5,1,5,3,151,NA,0,0,0,0,NA,0,0,0,NA,0,3,2,3,2,1,3,2,2.5,63,26.7455278407659,1,NA,NA,1,2.5,-0.632686650452512,0
16,156,1,1,1,1052832:00:00,1,11:21:00.000000,1,1,50,2,3,4,2,5,5,2,3,6,1,0,1,60,1,27,3,1,5,3,159,1,0,0,0,0,0,0,0,0,2,1,3,5,4,3,5,5,4,4.5,63,28.1625094482237,1,NA,NA,1,4.5,-0.632686650452512,0
17,157,1,1,1,1052832:00:00,1,10:28:00.000000,1,1,52,1,6,3,6,6,6,6,1,6,4,2,3,65,3,22,5,NA,5,4,191,0,0,0,0,1,0,0,1,1,3,3,3,6,1,4,1,1,6,3.875,64,32.781494140625,1,NA,NA,1,3.875,-0.632686650452512,0
18,166,1,0,1,1052832:00:00,1,11:48:00.000000,1,1,50,1,1,1,1,1,6,1,6,6,3,3,NA,50,6,22,1,1,4,11,136,1,0,0,0,1,0,0,0,0,2,2,3,6,6,6,6,6,1,4.75,59,27.4656707842574,1,NA,NA,1,4.75,-0.632686650452512,1
19,167,1,1,1,1052832:00:00,1,11:42:00.000000,1,1,50,1,1,1,1,6,6,1,2,6,3,4,2,66,3,21,1,2,5,0,118,0,1,1,1,1,1,0,1,0,3,6,3,6,6,6,6,6,5,5.875,60,23.0427777777778,1,NA,NA,1,5.875,-0.632686650452512,1
20,168,1,1,1,1052832:00:00,1,11:31:00.000000,1,1,50,5,2,2,4,2,4,1,4,6,1,0,1,54,1,21,5,1,5,2,155,1,1,1,1,1,1,1,1,0,2,8,3,2,5,5,3,6,3,3.75,62,28.3467741935484,1,NA,NA,1,3.75,-0.632686650452512,0
21,171,1,1,1,1052832:00:00,1,10:59:00.000000,1,1,50,3,5,3,2,2,2,2,5,6,1,1,1,76,3,27,5,1,4,11,134,0,1,0,0,0,0,0,0,0,3,1,3,4,2,4,5,5,2,3.25,59,27.0617638609595,1,NA,NA,1,3.25,-0.632686650452512,0
22,172,1,1,1,1052832:00:00,1,10:28:00.000000,1,1,52,4,6,6,6,1,1,6,4,6,2,3,1,NA,4,24,2,3,5,8,NA,1,0,0,0,0,0,0,1,0,2,2,3,3,1,1,1,1,3,1.5,68,NA,NA,NA,NA,1,1.5,NA,0
23,173,1,1,1,1052832:00:00,1,10:22:00.000000,1,1,52,3,3,5,3,1,5,1,5,5,6,5,1,68,4,18,2,2,5,7,199,1,0,1,1,0,0,0,1,1,2,5,3,4,4,2,4,6,2,3.5,67,31.1644018712408,1,NA,NA,1,3.5,-0.632686650452512,0
24,174,1,0,1,1052832:00:00,1,10:08:00.000000,1,1,52,1,1,2,3,1,6,1,1,1,3,1,2,NA,6,20,2,1,5,1,92,1,0,0,0,1,0,1,1,0,2,4,3,6,6,5,4,6,6,5,61,17.3813490997044,1,NA,NA,1,5,-0.632686650452512,0
25,206,1,1,1,1052832:00:00,1,11:00:00.000000,1,1,50,2,4,2,2,2,5,2,4,5,1,0,1,50,4,28,4,1,5,3,180,1,1,1,0,0,0,0,1,0,3,4,3,5,3,5,5,5,3,4.125,63,31.8820861678005,1,NA,NA,1,4.125,-0.632686650452512,0
26,207,1,1,1,1052832:00:00,1,10:59:00.000000,1,1,50,2,4,2,3,1,6,3,1,6,1,0,1,54,6,29,1,1,5,8,210,0,1,1,1,0,0,0,0,0,3,3,3,5,3,5,4,4,6,4.25,68,31.9269031141869,1,NA,NA,1,4.25,-0.632686650452512,1
27,209,1,1,1,1052832:00:00,1,10:27:00.000000,1,1,52,6,6,6,2,1,1,5,6,6,1,6,2,58,4,21,1,1,5,6,190,0,0,1,1,1,0,0,1,0,3,4,3,1,1,1,5,2,1,1.625,66,30.6634527089073,1,NA,NA,1,1.625,-0.632686650452512,1
28,210,1,0,0,1052832:00:00,1,NA,1,1,52,4,3,3,3,3,3,3,3,3,5,3,1,54,3,21,7,2,5,11,NA,1,0,0,0,1,0,0,0,0,2,2,3,3,4,4,4,4,4,3.625,71,NA,NA,1,1,NA,3.625,NA,0
29,211,1,1,1,1052832:00:00,1,10:16:00.000000,1,1,52,1,NA,6,4,6,6,1,1,6,1,0,1,NA,3,21,1,2,5,3,110,0,0,0,0,2,0,1,1,0,3,4,3,6,NA,1,3,6,6,4.85714285714286,63,19.4834971025447,1,NA,NA,1,NA,-0.632686650452512,1
30,289,1,1,NA,1052832:00:00,1,10:24:00.000000,1,1,52,2,3,4,3,3,3,4,3,2,3,2,1,53,3,22,1,1,5,3,NA,0,0,0,0,0,0,0,1,0,3,1,3,5,4,3,4,3,4,3.625,63,NA,NA,NA,NA,NA,3.625,NA,1
31,169,2,1,1,1052832:00:00,1,11:21:00.000000,1,1,50,3,2,2,2,2,4,3,3,1,1,0,1,58,2,24,4,1,5,1,103,0,0,1,0,1,0,0,1,0,1,3,1,4,5,5,5,4,4,4.125,61,19.4595538833647,1,NA,NA,1,4.125,0.90628087767522,0
32,205,2,1,1,1052832:00:00,1,11:21:00.000000,1,1,50,2,3,3,2,5,6,4,4,6,1,0,1,50,5,27,8,1,5,6,190,1,1,1,0,0,0,0,1,0,2,4,2,5,4,4,5,3,3,4.375,66,30.6634527089073,1,NA,NA,1,4.375,0.90628087767522,0
33,208,2,1,1,1052832:00:00,1,10:31:00.000000,1,1,52,2,4,2,2,5,5,2,3,4,4,3,1,60,2,23,5,1,5,2,126,0,0,0,0,0,0,0,1,0,3,1,2,5,3,5,5,5,4,4.625,62,23.0431841831426,1,NA,NA,1,4.625,0.90628087767522,0
34,74,3,1,1,1052832:00:00,1,11:49:00.000000,1,1,50,1,5,3,3,4,1,2,3,2,2,2,1,65,2,22,7,1,4,3,130,0,0,0,0,1,0,0,1,1,1,3,2,6,2,4,4,5,4,3.75,51,35.1364859669358,1,NA,NA,1,3.75,2.44524840580295,0
35,111,3,1,1,1052832:00:00,1,11:21:00.000000,1,1,50,4,6,5,6,1,3,5,5,3,1,3,1,58,4,25,1,1,5,5,136,0,0,0,0,0,0,0,0,0,1,0,1,3,1,2,1,2,2,1.875,65,22.6291124260355,1,NA,NA,1,1.875,2.44524840580295,1
36,204,3,1,1,1052832:00:00,1,11:30:00.000000,1,1,50,3,3,5,3,5,5,2,1,5,2,0,1,58,1,20,5,NA,5,2,NA,1,1,0,0,0,0,0,1,0,1,3,1,4,4,2,4,5,6,4.375,62,NA,NA,NA,NA,1,4.375,NA,0
37,165,NA,0,0,1052856:00:00,2,10:01:00.000000,0,0,58,3,3,3,3,3,3,3,3,1,5,7,1,60,3,27,5,1,5,7,201,NA,0,1,1,0,0,0,0,0,2,2,NA,4,4,4,4,4,4,3.75,67,31.4776119402985,0,1,1,NA,3.75,NA,0
38,28,1,1,1,1052856:00:00,2,10:08:00.000000,1,1,57,1,1,1,1,6,6,1,1,5,3,6,1,62,4,27,1,3,5,2,190,0,0,0,0,0,0,0,0,0,3,0,3,6,6,6,6,6,6,6,62,34.7476586888658,1,NA,NA,1,6,-0.632686650452512,1
39,29,1,1,1,1052856:00:00,2,10:24:00.000000,1,1,56,1,6,1,1,6,2,6,1,6,2,2,1,57,2,NA,NA,NA,NA,NA,NA,0,0,0,0,0,0,0,0,0,3,0,3,6,1,6,6,1,6,4.25,NA,NA,NA,NA,NA,1,4.25,NA,0
40,30,1,1,1,1052856:00:00,2,11:00:00.000000,1,1,56,5,3,3,2,3,2,6,3,6,1,0,1,60,3,20,2,1,5,7,125,0,1,0,0,0,0,0,0,0,3,1,3,2,4,4,5,1,4,3.125,67,19.575629316106,1,NA,NA,1,3.125,-0.632686650452512,0
41,31,1,1,1,1052856:00:00,2,11:05:00.000000,1,1,56,1,6,3,2,6,6,1,2,6,4,6,1,65,1,20,2,1,6,1,185,0,1,0,0,1,0,1,1,0,3,4,2,6,1,4,5,6,5,4.875,73,24.4051416776131,1,NA,NA,1,4.875,-0.632686650452512,0
42,33,1,0,1,1052856:00:00,2,11:35:00.000000,1,1,56,2,5,3,6,2,2,2,2,6,6,8,1,60,6,21,1,3,5,3,116,0,0,1,1,1,1,1,1,1,3,7,3,5,2,4,1,5,5,3.25,63,20.5462333081381,1,NA,NA,1,3.25,-0.632686650452512,1
43,36,1,1,1,1052856:00:00,2,12:06:00.000000,1,1,56,1,6,1,1,6,6,6,6,2,2,0,1,NA,2,18,5,1,NA,NA,NA,0,1,1,1,1,NA,1,1,0,3,6,3,6,1,6,6,1,1,4.125,NA,NA,NA,NA,NA,1,4.125,NA,0
44,38,1,1,1,1052856:00:00,2,12:20:00.000000,1,1,56,5,3,6,6,2,4,3,3,3,2,1,NA,63,5,20,5,1,5,5,125,0,0,0,0,0,NA,1,1,0,3,2,3,2,4,1,1,4,4,2.75,65,20.7988165680473,1,NA,NA,1,2.75,-0.632686650452512,0
45,113,1,1,1,1052856:00:00,2,10:57:00.000000,1,1,56,3,4,3,2,5,5,2,2,1,1,0,1,60,2,21,5,1,5,5,178,0,0,0,0,0,0,1,1,0,3,2,3,4,3,4,5,5,5,4.5,65,29.6175147928994,1,NA,NA,1,4.5,-0.632686650452512,0
46,114,1,0,0,1052856:00:00,2,11:04:00.000000,0,0,56,1,1,1,1,1,1,1,1,1,1,0,2,60,4,18,2,1,5,2,150,1,1,1,0,1,NA,0,1,0,2,5,3,6,6,6,6,6,6,4.75,62,27.4323621227888,0,1,1,NA,4.75,NA,0
47,116,1,1,1,1052856:00:00,2,11:21:00.000000,1,1,56,3,6,5,5,5,5,NA,6,6,2,5,2,50,4,NA,1,3,5,5,115,0,0,1,0,1,0,1,1,0,3,4,3,4,1,2,2,NA,1,2.85714285714286,65,19.1349112426036,1,NA,NA,1,NA,-0.632686650452512,1
48,117,1,1,1,1052856:00:00,2,11:45:00.000000,1,1,56,2,4,3,4,5,5,3,3,6,3,6,2,60,2,20,1,3,5,8,125,0,0,0,0,1,0,1,0,0,3,2,3,5,3,4,3,4,4,4.125,68,19.0041089965398,1,NA,NA,1,4.125,-0.632686650452512,1
49,118,1,1,1,1052856:00:00,2,11:45:00.000000,1,1,56,2,3,3,2,3,4,5,3,5,4,6,1,66,3,19,5,1,5,6,155,0,0,0,0,1,0,1,1,0,3,3,3,5,4,4,5,2,4,3.875,66,25.0149219467401,1,NA,NA,1,3.875,-0.632686650452512,0
50,119,1,1,1,1052856:00:00,2,11:56:00.000000,1,1,56,1,3,4,3,6,1,6,6,5,3,1,1,60,1,20,5,2,5,7,130,0,1,0,0,1,0,0,0,0,3,2,3,6,4,3,4,1,1,3.25,67,20.3586544887503,1,NA,NA,1,3.25,-0.632686650452512,0
51,120,1,0,0,1052856:00:00,2,12:06:00.000000,1,1,56,6,6,6,1,6,4,6,1,6,1,5,1,65,5,18,1,1,5,8,115,0,0,1,1,0,NA,1,1,0,3,4,3,1,1,1,6,1,6,3.25,68,17.4837802768166,1,1,1,NA,3.25,-0.632686650452512,1
52,143,1,0,0,1052856:00:00,2,12:20:00.000000,0,1,56,1,6,1,1,1,1,1,1,6,1,0,1,56,3,18,1,NA,5,2,115,0,0,0,0,0,0,1,1,1,3,3,3,6,1,6,6,6,6,4.125,62,21.0314776274714,1,1,1,NA,4.125,-0.632686650452512,1
53,145,1,1,1,1052856:00:00,2,12:05:00.000000,1,1,56,1,5,4,1,5,5,2,3,6,1,0,1,65,3,20,1,2,5,7,170,0,0,0,0,0,0,0,0,0,3,0,3,6,2,3,6,5,4,4.5,67,26.6228558699042,1,NA,NA,1,4.5,-0.632686650452512,1
54,146,1,1,1,1052856:00:00,2,11:57:00.000000,1,1,56,1,5,5,5,3,4,6,3,6,2,5,1,59,1,18,1,2,5,5,136,0,0,1,0,0,0,0,0,0,3,1,3,6,2,2,2,1,4,3,65,22.6291124260355,1,NA,NA,1,3,-0.632686650452512,1
55,149,1,1,1,1052856:00:00,2,11:00:00.000000,1,1,56,1,1,1,1,6,6,1,6,6,6,5,1,50,3,NA,2,1,5,2,120,1,1,1,1,0,0,1,1,0,3,6,3,6,6,6,6,6,1,5.375,62,21.945889698231,1,NA,NA,1,5.375,-0.632686650452512,0
56,152,1,0,0,1052856:00:00,2,10:28:00.000000,0,1,56,6,6,6,6,6,6,1,6,6,1,0,1,46,6,26,2,NA,5,7,NA,0,0,0,0,0,0,0,0,0,3,0,3,1,1,1,1,6,1,2.875,67,NA,NA,1,1,NA,2.875,NA,0
57,153,1,1,1,1052856:00:00,2,10:19:00.000000,1,1,56,4,3,5,5,4,2,3,5,5,4,4,1,60,2,53,1,1,5,4,160,0,0,0,0,0,0,0,0,0,3,0,3,3,4,2,2,4,2,2.875,64,27.4609375,1,NA,NA,1,2.875,-0.632686650452512,1
58,158,1,1,1,1052856:00:00,2,11:15:00.000000,1,1,56,1,2,3,1,6,6,1,1,1,1,0,1,70,1,20,1,1,5,2,180,1,0,1,1,1,0,1,1,0,NA,6,3,6,5,4,6,6,6,5.625,62,32.9188345473465,1,NA,NA,1,5.625,-0.632686650452512,1
59,159,1,1,1,1052856:00:00,2,NA,1,1,56,6,6,6,1,4,1,3,6,6,1,0,1,55,4,18,6,4,5,4,122,0,1,1,1,1,0,0,1,0,3,5,3,1,1,1,6,4,1,2.375,64,20.93896484375,1,NA,NA,1,2.375,-0.632686650452512,0
60,161,1,1,1,1052856:00:00,2,11:00:00.000000,1,1,56,6,4,6,6,1,4,6,5,6,1,0,1,60,3,19,7,2,5,7,225,0,0,0,0,0,0,0,0,0,3,0,3,1,3,1,1,1,2,1.75,67,35.2361327689909,1,NA,NA,1,1.75,-0.632686650452512,0
61,162,1,0,0,1052856:00:00,2,10:47:00.000000,0,0,56,3,3,3,3,3,3,3,3,3,1,3,1,54,1,61,1,1,5,3,120,0,1,0,0,0,0,0,0,0,3,1,3,4,4,4,4,4,4,3.75,63,21.254724111867,0,1,1,NA,3.75,NA,1
62,200,1,0,0,1052856:00:00,2,12:03:00.000000,0,1,56,6,1,1,1,1,1,1,3,6,1,8,1,NA,1,25,1,1,NA,NA,NA,0,0,1,1,0,NA,0,1,1,3,4,3,1,6,6,6,6,4,3.875,NA,NA,NA,1,1,NA,3.875,NA,1
63,201,1,1,1,1052856:00:00,2,11:57:00.000000,1,1,56,1,3,4,2,6,6,1,6,6,4,5,2,58,4,21,4,3,5,0,100,0,0,1,1,1,1,0,1,0,3,5,3,6,4,3,5,6,1,4.625,60,19.5277777777778,1,NA,NA,1,4.625,-0.632686650452512,0
64,202,1,1,1,1052856:00:00,2,11:45:00.000000,1,1,56,3,4,4,3,2,3,3,4,6,3,1,2,60,3,20,5,1,5,7,120,0,0,0,0,1,0,1,1,0,3,3,3,4,3,3,4,4,3,3.25,67,18.7926041434618,1,NA,NA,1,3.25,-0.632686650452512,0
65,203,1,0,0,1052856:00:00,2,11:35:00.000000,0,0,56,1,1,1,1,1,1,1,1,1,4,6,2,60,6,19,1,3,5,7,110,1,0,1,1,0,1,1,1,0,3,6,3,6,6,6,6,6,6,4.75,67,17.2265537981733,0,1,1,NA,4.75,NA,1
66,229,1,1,1,1052856:00:00,2,11:57:00.000000,1,1,56,2,2,4,3,3,6,4,4,6,2,3,1,67,4,19,1,3,5,5,145,0,0,1,1,1,1,1,1,0,3,6,3,5,5,3,4,3,3,4,65,24.1266272189349,1,NA,NA,1,4,-0.632686650452512,1
67,232,1,1,1,1052856:00:00,2,11:23:00.000000,1,1,56,1,4,4,5,6,NA,1,3,6,3,2,2,76,2,20,1,1,5,1,105,0,1,0,0,0,0,1,0,0,3,2,3,6,3,3,2,6,4,4.28571428571429,61,19.8374092985757,1,NA,NA,1,NA,-0.632686650452512,1
68,233,1,1,1,1052856:00:00,2,11:00:00.000000,1,1,56,1,6,NA,6,4,3,6,3,6,1,0,1,60,2,21,5,2,5,9,125,0,0,0,0,0,0,0,0,0,3,0,3,6,1,NA,1,1,4,2.85714285714286,69,18.457256878807,1,NA,NA,1,NA,-0.632686650452512,0
69,279,1,1,1,1052856:00:00,2,12:06:00.000000,1,1,56,1,3,3,3,5,3,3,3,6,3,5,1,70,1,18,5,2,5,8,140,0,1,1,0,1,NA,1,1,1,3,6,3,6,4,4,4,4,4,4.25,68,21.2846020761246,1,NA,NA,1,4.25,-0.632686650452512,0
70,281,1,1,0,1052856:00:00,2,11:38:00.000000,1,1,56,1,6,6,3,2,2,1,3,6,1,0,1,60,2,19,1,2,5,0,NA,0,1,1,1,1,NA,1,1,0,3,6,3,6,1,1,4,6,4,3.25,60,NA,NA,1,1,NA,3.25,NA,1
71,282,1,1,1,1052856:00:00,2,11:12:00.000000,1,1,56,5,5,5,1,2,1,1,1,6,1,0,NA,NA,NA,21,2,NA,5,4,115,0,0,0,0,0,0,0,0,0,3,0,3,2,2,2,6,6,6,3.375,64,19.737548828125,1,NA,NA,1,3.375,-0.632686650452512,0
72,283,1,1,1,1052856:00:00,2,11:05:00.000000,1,1,56,2,5,3,1,5,5,2,2,6,3,4,1,60,3,21,2,1,5,5,126,0,1,1,0,0,NA,1,1,0,3,4,3,5,2,4,6,5,5,4.625,65,20.9652071005917,1,NA,NA,1,4.625,-0.632686650452512,0
73,284,1,1,1,1052856:00:00,2,10:57:00.000000,1,1,56,3,6,3,2,1,3,3,3,6,1,0,1,72,3,21,5,1,5,3,145,0,0,0,0,0,1,0,1,0,3,2,3,4,1,4,5,4,4,3.25,63,25.6827916351726,1,NA,NA,1,3.25,-0.632686650452512,0
74,285,1,1,1,1052856:00:00,2,10:47:00.000000,1,1,57,1,5,5,5,2,1,5,5,5,1,2,1,55,1,46,8,1,5,6,155,0,0,0,0,0,0,0,0,0,3,0,3,6,2,2,2,2,2,2.375,66,25.0149219467401,1,NA,NA,1,2.375,-0.632686650452512,0
75,286,1,1,1,1052856:00:00,2,NA,1,1,56,1,1,6,6,1,1,6,3,6,1,0,1,NA,2,20,2,1,5,8,145,0,0,0,0,0,0,1,0,0,3,1,2,6,6,1,1,1,4,2.625,68,22.0447664359862,1,NA,NA,1,2.625,-0.632686650452512,0
76,287,1,1,1,1052856:00:00,2,10:13:00.000000,1,1,57,1,2,3,2,6,6,2,3,6,2,3,1,62,4,28,1,3,5,6,NA,0,1,0,0,0,0,0,0,0,3,1,3,6,5,4,5,5,4,5.125,66,NA,NA,NA,NA,1,5.125,NA,1
77,32,2,1,1,1052856:00:00,2,11:21:00.000000,1,1,56,3,4,5,2,3,4,4,2,3,2,2,1,60,3,22,1,1,5,3,145,0,1,0,0,1,0,0,1,0,3,3,2,4,3,2,5,3,5,3.625,63,25.6827916351726,1,NA,NA,1,3.625,0.90628087767522,1
78,34,2,0,1,1052856:00:00,2,11:45:00.000000,1,1,56,3,4,NA,1,3,4,5,2,5,2,2,1,63,3,21,5,1,5,1,109,1,0,1,1,1,0,1,1,0,2,6,2,4,3,NA,6,2,5,3.85714285714286,61,20.5931201289976,1,NA,NA,1,NA,0.90628087767522,0
79,35,2,1,1,1052856:00:00,2,11:56:00.000000,1,1,56,3,3,4,4,2,3,3,4,6,3,0,2,NA,3,18,3,1,NA,NA,NA,0,1,0,0,1,0,0,0,0,3,2,3,4,4,3,3,4,3,3.25,NA,NA,NA,NA,NA,1,3.25,NA,0
80,37,2,1,0,1052856:00:00,2,12:15:00.000000,1,1,56,1,2,2,2,1,2,3,3,3,1,0,2,50,4,21,1,1,5,2,120,NA,NA,NA,NA,NA,NA,NA,NA,NA,NA,0,2,6,5,5,5,4,4,4,62,21.945889698231,1,1,1,NA,4,0.90628087767522,1
81,144,2,1,1,1052856:00:00,2,12:08:00.000000,1,1,56,5,2,4,3,2,4,5,3,3,1,0,1,58,3,NA,7,NA,NA,NA,NA,0,0,0,0,0,0,1,1,1,2,3,2,2,5,3,4,2,4,3.25,NA,NA,NA,NA,NA,1,3.25,NA,0
82,147,2,1,1,1052856:00:00,2,11:50:00.000000,1,1,56,1,2,4,4,5,2,5,4,3,2,2,1,60,3,28,1,1,5,5,110,1,1,0,0,1,0,0,0,0,1,3,1,6,5,3,3,2,3,3.625,65,18.3029585798817,1,NA,NA,1,3.625,0.90628087767522,1
83,150,2,1,1,1052856:00:00,2,10:45:00.000000,1,1,57,2,5,5,4,2,5,2,5,5,1,0,1,57,5,22,5,1,5,6,158,1,0,0,0,0,0,0,1,0,2,2,2,5,2,2,3,5,2,3.25,66,25.4990817263545,1,NA,NA,1,3.25,0.90628087767522,0
84,154,2,1,1,1052856:00:00,2,10:11:00.000000,1,1,57,4,4,4,6,2,3,6,3,6,1,0,1,60,3,44,1,1,5,3,110,0,0,1,0,0,0,0,0,0,2,1,3,3,3,3,1,1,4,2.5,63,19.4834971025447,1,NA,NA,1,2.5,0.90628087767522,1
85,198,2,1,1,1052856:00:00,2,12:22:00.000000,1,1,56,2,2,3,4,5,4,4,4,3,3,8,2,50,4,32,2,1,5,5,205,1,1,1,1,0,NA,0,1,0,1,5,1,5,5,4,3,3,3,4,65,34.1100591715976,1,NA,NA,1,4,0.90628087767522,0
86,228,2,1,1,1052856:00:00,2,12:05:00.000000,1,1,56,2,3,5,2,5,4,2,2,6,1,1,1,56,2,20,1,2,5,1,121,0,0,1,0,1,0,1,1,0,2,4,2,5,4,2,5,5,5,4.375,61,22.8602526202634,1,NA,NA,1,4.375,0.90628087767522,1
87,230,2,1,1,1052856:00:00,2,11:50:00.000000,1,1,56,1,3,2,2,5,6,1,3,2,1,2,1,60,3,29,1,1,5,3,118,0,1,0,0,1,0,1,0,0,2,3,2,6,4,5,5,6,4,5.125,63,20.9004787100025,1,NA,NA,1,5.125,0.90628087767522,1
88,231,2,1,1,1052856:00:00,2,11:38:00.000000,1,1,56,3,3,5,2,5,6,2,4,6,5,5,1,68,2,21,1,1,5,3,113,1,0,0,0,1,0,0,0,0,2,2,2,4,4,2,5,5,3,4.25,63,20.0148652053414,1,NA,NA,1,4.25,0.90628087767522,1
89,234,2,1,1,1052856:00:00,2,10:45:00.000000,1,1,57,1,6,6,2,2,2,6,4,6,1,1,1,60,4,22,5,1,5,5,206,0,0,0,0,0,0,0,0,0,2,0,2,6,1,1,5,1,3,2.625,65,34.276449704142,1,NA,NA,1,2.625,0.90628087767522,0
90,236,2,0,1,1052856:00:00,2,10:26:00.000000,1,1,56,1,6,6,6,1,1,1,6,6,1,4,1,60,1,45,2,NA,5,9,200,0,1,0,0,0,0,0,0,0,2,1,2,6,1,1,1,6,1,2.25,69,29.5316110060912,1,NA,NA,1,2.25,0.90628087767522,0
91,238,2,1,1,1052856:00:00,2,11:23:00.000000,1,1,56,2,3,3,2,5,2,5,5,6,3,1,1,58,4,20,2,1,5,2,135,1,0,0,0,1,0,0,0,0,2,2,2,5,4,4,5,2,2,3.625,62,24.6891259105099,1,NA,NA,1,3.625,0.90628087767522,0
92,239,2,1,1,1052856:00:00,2,11:15:00.000000,1,1,56,1,3,3,2,3,3,3,5,1,2,2,1,65,3,20,1,1,5,4,165,1,0,1,1,0,1,1,1,0,1,6,1,6,4,4,5,4,2,3.875,64,28.319091796875,1,NA,NA,1,3.875,0.90628087767522,1
93,115,3,1,1,1052856:00:00,2,11:12:00.000000,1,1,56,2,5,5,2,2,4,3,6,6,2,2,2,58,3,29,1,1,5,9,183,0,1,0,0,0,0,0,0,0,2,1,2,5,2,2,5,4,1,3.125,69,27.0214240705734,1,NA,NA,1,3.125,2.44524840580295,1
94,121,3,1,1,1052856:00:00,2,12:22:00.000000,1,1,56,1,1,2,5,3,2,5,3,1,3,8,1,65,3,32,1,1,5,7,130,1,1,0,0,1,0,0,0,0,1,3,1,6,6,5,2,2,4,3.75,67,20.3586544887503,1,NA,NA,1,3.75,2.44524840580295,1
95,160,3,1,1,1052856:00:00,2,11:00:00.000000,1,1,56,1,6,4,3,2,6,3,1,1,2,2,1,63,3,21,1,2,5,5,115,1,0,0,0,0,0,0,0,0,1,1,1,6,1,3,4,4,6,4,65,19.1349112426036,1,NA,NA,1,4,2.44524840580295,1
96,164,3,1,1,1052856:00:00,2,10:15:00.000000,1,1,56,3,6,1,1,3,3,3,3,1,1,0,2,55,6,19,1,1,5,8,145,1,1,1,1,1,0,0,1,0,1,6,1,4,1,6,6,4,4,3.875,68,22.0447664359862,1,NA,NA,1,3.875,2.44524840580295,1
97,237,3,1,1,1052856:00:00,2,10:15:00.000000,1,1,56,2,2,5,3,6,6,1,5,1,1,0,1,60,2,23,1,2,5,5,140,0,1,1,1,1,NA,1,1,0,1,6,1,5,5,2,4,6,2,4.5,65,23.294674556213,1,NA,NA,1,4.5,2.44524840580295,1
98,278,3,1,1,1052856:00:00,2,12:16:00.000000,1,1,56,1,1,1,1,6,6,1,3,6,3,2,1,63,1,20,5,1,5,4,125,1,1,1,1,1,0,0,1,0,1,6,1,6,6,6,6,6,4,5.75,64,21.453857421875,1,NA,NA,1,5.75,2.44524840580295,0
99,280,3,0,1,1052856:00:00,2,11:59:00.000000,1,1,56,3,4,6,2,1,1,1,6,6,6,0,1,NA,1,19,5,2,5,2,190,0,1,0,0,0,0,0,0,0,1,1,1,4,3,1,5,6,1,2.75,62,34.7476586888658,1,NA,NA,1,2.75,2.44524840580295,0
100,197,1,1,1,1053168:00:00,3,10:05:00.000000,1,1,46,1,4,NA,1,5,6,2,4,6,1,0,1,58,4,18,2,1,5,6,116,0,0,0,0,0,0,0,1,1,3,2,NA,6,3,NA,6,5,3,4.85714285714286,66,18.7208448117539,1,NA,NA,1,NA,-0.632686650452512,0
101,44,2,0,1,1053168:00:00,3,10:12:00.000000,1,1,46,6,6,3,3,3,3,3,3,6,6,8,1,40,6,24,1,1,5,NA,120,0,1,0,0,0,0,0,0,0,2,1,NA,1,1,4,4,4,4,3,NA,NA,NA,NA,NA,1,3,NA,1
102,196,2,0,1,1053168:00:00,3,10:12:00.000000,1,1,46,4,4,4,2,5,5,5,3,1,3,5,1,40,5,27,1,1,5,5,175,0,1,0,0,0,0,0,1,0,2,2,NA,3,3,3,5,2,4,3.75,65,29.1183431952663,1,NA,NA,1,3.75,0.90628087767522,1
103,277,2,1,1,1053168:00:00,3,10:05:00.000000,1,1,46,2,3,6,4,4,6,3,1,1,1,0,2,40,6,18,2,1,5,5,130,1,0,0,0,0,0,1,1,0,1,3,NA,5,4,1,3,4,6,4.125,65,21.6307692307692,1,NA,NA,1,4.125,0.90628087767522,0
104,55,NA,0,0,1053192:00:00,4,11:31:00.000000,0,1,54,6,4,4,4,4,4,4,4,4,1,1,2,60,6,NA,2,NA,NA,NA,NA,0,0,0,0,0,0,0,0,0,2,0,NA,1,3,3,3,3,3,3,NA,NA,NA,1,1,NA,3,NA,0
105,223,NA,1,1,1053192:00:00,4,11:00:00.000000,1,1,55,3,3,4,6,3,3,3,5,5,NA,1,1,58,3,37,3,NA,5,4,145,NA,NA,NA,NA,NA,NA,NA,NA,NA,NA,0,NA,4,4,3,1,4,2,3,64,24.886474609375,1,NA,NA,1,3,NA,0
106,45,1,1,1,1053192:00:00,4,10:06:00.000000,1,1,58,5,3,2,2,3,5,3,5,1,2,4,2,40,3,26,1,1,5,2,165,0,0,0,0,1,0,0,0,0,3,1,NA,2,4,5,5,4,2,3.75,62,30.1755983350676,1,NA,NA,1,3.75,-0.632686650452512,1
107,47,1,0,1,1053192:00:00,4,10:19:00.000000,1,1,56,2,6,5,4,2,2,2,2,6,1,1,1,56,3,22,1,1,5,6,210,0,0,0,0,1,0,1,1,0,3,3,NA,5,1,2,3,5,5,3.125,66,33.8911845730028,1,NA,NA,1,3.125,-0.632686650452512,1
108,48,1,1,1,1053192:00:00,4,10:24:00.000000,1,1,56,5,4,5,3,2,2,6,6,6,4,3,2,NA,3,25,1,3,5,7,155,0,0,1,0,0,0,0,1,0,3,2,NA,2,3,2,4,1,1,2.125,67,24.2737803519715,1,NA,NA,1,2.125,-0.632686650452512,1
109,49,1,1,1,1053192:00:00,4,10:41:00.000000,1,1,55,6,6,NA,2,3,3,5,3,6,1,0,2,53,6,20,NA,1,5,5,195,0,0,1,1,1,0,0,1,0,3,4,NA,1,1,NA,5,2,4,2.71428571428571,65,32.4461538461538,1,NA,NA,1,NA,-0.632686650452512,0
110,50,1,1,1,1053192:00:00,4,10:55:00.000000,1,1,56,5,4,4,2,5,4,3,4,6,5,6,1,53,2,18,1,1,5,11,160,0,0,0,0,1,0,1,0,0,3,2,NA,2,3,3,5,4,3,3.625,71,22.3130331283476,1,NA,NA,1,3.625,-0.632686650452512,1
111,51,1,1,1,1053192:00:00,4,11:00:00.000000,1,1,55,1,3,4,2,6,6,5,3,6,5,4,1,NA,6,21,1,NA,5,8,165,0,0,1,1,1,0,1,1,0,3,5,NA,6,4,3,5,2,4,4.5,68,25.0854238754325,1,NA,NA,1,4.5,-0.632686650452512,1
112,52,1,1,1,1053192:00:00,4,11:07:00.000000,1,1,55,2,4,4,4,3,5,5,6,6,2,4,1,56,3,22,4,4,4,10,150,0,0,0,0,1,0,0,1,0,3,2,NA,5,3,3,3,2,1,3.125,58,31.34661117717,1,NA,NA,1,3.125,-0.632686650452512,0
113,53,1,0,1,1053192:00:00,4,11:19:00.000000,1,1,55,4,3,2,1,1,1,1,1,6,6,8,2,65,1,19,NA,2,5,3,120,0,0,1,0,1,0,1,1,0,3,4,NA,3,4,5,6,6,6,4,63,21.254724111867,1,NA,NA,1,4,-0.632686650452512,0
114,56,1,0,1,1053192:00:00,4,10:05:00.000000,1,1,58,6,6,3,2,6,3,3,4,6,1,0,1,60,3,NA,1,3,5,10,220,0,1,0,0,0,0,0,1,0,3,2,NA,1,1,4,5,4,3,3.375,70,31.5632653061224,1,NA,NA,1,3.375,-0.632686650452512,1
115,57,1,1,1,1053192:00:00,4,10:13:00.000000,1,1,58,1,3,3,1,2,4,6,3,1,1,4,1,60,5,20,2,1,4,11,NA,0,1,0,1,1,0,1,1,0,2,5,NA,6,4,4,6,1,4,3.875,59,NA,NA,NA,NA,1,3.875,NA,0
116,58,1,1,1,1053192:00:00,4,10:24:00.000000,1,1,56,3,4,4,6,3,4,6,6,6,1,0,1,56,4,26,5,1,5,9,NA,0,0,0,0,0,0,0,0,0,3,0,NA,4,3,3,1,1,1,2.5,69,NA,NA,NA,NA,1,2.5,NA,0
117,59,1,1,1,1053192:00:00,4,10:26:00.000000,1,1,56,5,4,1,6,2,4,6,6,6,5,3,1,70,6,24,2,2,5,4,NA,0,0,0,0,0,0,1,0,0,3,1,NA,2,3,6,1,1,1,2.5,64,NA,NA,NA,NA,1,2.5,NA,0
118,60,1,1,1,1053192:00:00,4,10:29:00.000000,1,1,56,2,5,6,4,4,5,4,4,6,2,1,1,58,3,25,5,2,5,5,143,0,0,0,0,0,0,0,0,0,3,0,NA,5,2,1,3,3,3,3.25,65,23.7938461538462,1,NA,NA,1,3.25,-0.632686650452512,0
119,61,1,1,1,1053192:00:00,4,10:32:00.000000,1,1,56,3,5,3,1,6,6,2,2,6,3,4,2,68,4,20,1,1,5,2,92,1,0,1,1,1,0,0,1,0,2,5,NA,4,2,4,6,5,5,4.75,62,16.8251821019771,1,NA,NA,1,4.75,-0.632686650452512,1
120,62,1,1,1,1053192:00:00,4,10:39:00.000000,1,1,55,2,3,3,5,6,4,4,6,6,3,2,1,55,4,40,1,1,5,11,240,0,0,0,0,0,0,0,0,0,3,0,NA,5,4,4,2,3,1,3.625,71,33.4695496925213,1,NA,NA,1,3.625,-0.632686650452512,1
121,75,1,1,1,1053192:00:00,4,11:22:00.000000,1,1,55,1,3,3,6,6,6,3,3,6,4,4,1,NA,4,18,5,2,5,5,181,0,0,1,0,1,0,0,1,1,3,4,NA,6,4,4,1,4,4,4.375,65,30.1166863905325,1,NA,NA,1,4.375,-0.632686650452512,0
122,76,1,1,1,1053192:00:00,4,11:05:00.000000,1,1,55,3,3,2,2,5,6,6,4,6,1,0,1,60,3,20,5,1,5,6,NA,0,0,1,1,1,0,0,1,0,3,4,NA,4,4,5,5,1,3,4.125,66,NA,NA,NA,NA,1,4.125,NA,0
123,77,1,1,1,1053192:00:00,4,11:09:00.000000,1,1,55,5,4,5,4,3,2,3,5,6,4,3,2,56,4,31,NA,1,5,8,200,0,0,0,0,0,0,0,1,0,2,1,NA,2,3,2,3,4,2,2.625,68,30.4065743944637,1,NA,NA,1,2.625,-0.632686650452512,0
124,78,1,1,1,1053192:00:00,4,11:19:00.000000,1,1,55,2,4,4,2,4,NA,2,2,5,2,8,1,50,3,19,1,1,5,4,150,0,0,1,0,1,0,1,1,0,2,4,NA,5,3,3,5,5,5,4.28571428571429,64,25.74462890625,1,NA,NA,1,NA,-0.632686650452512,1
125,124,1,0,1,1053192:00:00,4,10:05:00.000000,1,1,58,1,2,4,6,1,6,1,5,6,5,0,1,69,5,22,5,3,5,10,NA,0,0,0,0,0,0,0,0,0,3,0,NA,6,5,3,1,6,2,3.75,70,NA,NA,NA,NA,1,3.75,NA,0
126,125,1,1,1,1053192:00:00,4,10:20:00.000000,1,1,56,2,3,1,1,6,6,6,2,4,1,0,2,65,4,19,1,4,5,6,250,1,1,1,0,1,0,0,1,0,2,5,NA,5,4,6,6,1,5,4.875,66,40.3466483011938,1,NA,NA,1,4.875,-0.632686650452512,1
127,126,1,1,1,1053192:00:00,4,10:56:00.000000,1,1,55,2,3,4,2,4,4,1,3,6,3,8,1,60,4,22,2,1,5,1,210,0,0,0,0,0,0,0,1,0,3,1,NA,5,4,3,5,6,4,4.375,61,39.6748185971513,1,NA,NA,1,4.375,-0.632686650452512,0
128,127,1,1,1,1053192:00:00,4,10:56:00.000000,1,1,55,4,6,6,2,3,6,5,6,6,5,5,2,26,3,23,2,1,5,6,180,0,0,0,0,0,0,1,0,0,3,1,NA,3,1,1,5,2,1,2.75,66,29.0495867768595,1,NA,NA,1,2.75,-0.632686650452512,0
129,128,1,1,1,1053192:00:00,4,10:49:00.000000,1,1,55,2,6,3,2,2,4,5,6,5,2,3,2,62,5,25,1,2,5,11,175,0,0,1,1,0,0,1,1,0,3,4,NA,5,1,4,5,2,1,3,71,24.4048799841301,1,NA,NA,1,3,-0.632686650452512,1
130,133,1,1,1,1053192:00:00,4,11:27:00.000000,1,1,55,2,4,2,3,4,3,2,3,6,1,0,1,57,6,24,2,1,5,7,157,1,0,0,0,1,0,1,1,0,2,4,NA,5,3,5,4,5,4,4.125,67,24.5869904210292,1,NA,NA,1,4.125,-0.632686650452512,0
131,134,1,0,1,1053192:00:00,4,11:07:00.000000,1,1,55,1,1,3,6,1,1,1,5,6,1,6,1,65,3,35,2,1,5,8,NA,0,0,0,0,0,0,0,1,0,3,1,NA,6,6,4,1,6,2,3.375,68,NA,NA,NA,NA,1,3.375,NA,0
132,135,1,1,1,1053192:00:00,4,11:00:00.000000,1,1,55,3,5,5,3,2,5,2,5,6,1,2,1,61,4,18,1,1,5,11,125,0,0,0,0,0,0,1,1,0,3,2,NA,4,2,2,4,5,2,3.25,71,17.4320571315215,1,NA,NA,1,3.25,-0.632686650452512,1
133,137,1,1,1,1053192:00:00,4,10:34:00.000000,1,1,56,4,5,5,5,2,2,5,6,6,2,3,1,60,3,34,4,2,6,7,166,0,0,1,0,1,0,1,1,0,3,4,NA,3,2,2,2,2,1,2,79,18.6986059926294,1,NA,NA,1,2,-0.632686650452512,0
134,138,1,1,1,1053192:00:00,4,10:24:00.000000,1,1,56,2,4,6,4,2,4,3,6,5,2,3,1,70,3,27,1,3,5,7,150,0,0,1,0,0,0,0,1,0,3,2,NA,5,3,1,3,4,1,2.875,67,23.4907551793272,1,NA,NA,1,2.875,-0.632686650452512,1
135,139,1,1,1,1053192:00:00,4,10:56:00.000000,1,1,55,1,3,3,3,6,5,4,5,4,3,2,1,62,4,NA,NA,NA,NA,NA,NA,0,0,0,0,0,0,0,0,0,3,0,NA,6,4,4,4,3,2,4.25,NA,NA,NA,NA,NA,1,4.25,NA,0
136,140,1,1,1,1053192:00:00,4,10:48:00.000000,1,1,55,4,4,5,3,2,4,4,6,6,1,2,1,68,2,25,1,1,5,9,165,1,1,1,1,0,0,0,1,0,2,5,NA,3,3,2,4,3,1,2.75,69,24.3635790800252,1,NA,NA,1,2.75,-0.632686650452512,1
137,141,1,1,1,1053192:00:00,4,10:33:00.000000,1,1,55,1,3,2,2,3,2,2,3,1,2,1,2,57,5,20,1,NA,5,10,160,1,1,1,1,1,1,0,1,0,2,7,NA,6,4,5,5,5,4,4.25,70,22.9551020408163,1,NA,NA,1,4.25,-0.632686650452512,1
138,222,1,1,1,1053192:00:00,4,11:27:00.000000,1,1,55,1,2,2,1,6,6,1,3,5,2,8,1,55,3,21,1,1,5,6,140,0,0,0,0,1,0,1,1,0,1,3,NA,6,5,5,6,6,4,5.5,66,22.5941230486685,1,NA,NA,1,5.5,-0.632686650452512,1
139,225,1,1,1,1053192:00:00,4,10:33:00.000000,1,1,55,3,4,4,2,5,5,2,6,6,2,2,1,60,2,21,5,1,5,6,130,1,1,1,1,1,0,1,1,0,2,7,NA,4,3,3,5,5,1,3.875,66,20.9802571166208,1,NA,NA,1,3.875,-0.632686650452512,0
140,226,1,1,1,1053192:00:00,4,10:30:00.000000,1,1,55,4,6,4,4,1,2,4,4,6,1,0,1,55,5,23,4,1,5,1,125,0,0,0,0,1,0,0,1,0,3,2,NA,3,1,3,3,3,3,2.375,61,23.6159634506853,1,NA,NA,1,2.375,-0.632686650452512,0
141,227,1,1,1,1053192:00:00,4,10:25:00.000000,1,1,55,1,4,3,2,5,5,2,4,6,6,8,1,NA,6,NA,2,1,NA,NA,NA,0,0,1,1,1,1,0,1,0,3,5,NA,6,3,4,5,5,3,4.5,NA,NA,NA,NA,NA,1,4.5,NA,0
142,245,1,1,1,1053192:00:00,4,11:27:00.000000,1,1,55,1,3,4,1,4,6,2,3,6,1,0,1,55,6,20,2,1,5,3,153,1,1,0,0,0,0,0,1,0,2,3,NA,6,4,3,6,5,4,4.75,63,27.0997732426304,1,NA,NA,1,4.75,-0.632686650452512,0
143,247,1,1,1,1053192:00:00,4,11:07:00.000000,1,1,55,4,3,3,3,2,2,6,4,2,2,6,1,60,3,34,2,1,5,7,216,0,0,0,0,0,0,0,1,0,3,1,NA,3,4,4,4,1,3,2.875,67,33.8266874582312,1,NA,NA,1,2.875,-0.632686650452512,0
144,248,1,1,1,1053192:00:00,4,11:06:00.000000,1,1,55,3,3,6,3,2,3,1,5,5,1,2,1,60,3,21,5,NA,NA,NA,NA,0,0,0,1,0,0,0,1,0,3,2,NA,4,4,1,4,6,2,3.25,NA,NA,NA,NA,NA,1,3.25,NA,0
145,258,1,1,1,1053192:00:00,4,11:00:00.000000,1,1,55,3,6,5,5,5,3,2,3,6,3,3,1,66,5,18,1,1,5,6,122,0,0,1,1,1,0,1,1,0,3,5,NA,4,1,2,2,5,4,3.25,66,19.6891643709826,1,NA,NA,1,3.25,-0.632686650452512,1
146,260,1,0,0,1053192:00:00,4,10:41:00.000000,1,1,55,6,6,6,1,6,1,1,NA,6,1,0,1,NA,6,20,1,2,5,2,NA,0,0,0,0,0,0,0,1,0,3,1,NA,1,1,1,6,6,NA,3.14285714285714,62,NA,NA,1,1,NA,NA,NA,1
147,261,1,1,1,1053192:00:00,4,10:34:00.000000,1,1,56,4,3,6,6,4,4,3,3,6,1,4,1,57,3,22,1,3,6,1,150,0,0,1,0,0,0,0,1,0,3,2,NA,3,4,1,1,4,4,3.125,73,19.7879527115782,1,NA,NA,1,3.125,-0.632686650452512,1
148,262,1,0,0,1053192:00:00,4,10:26:00.000000,1,1,56,1,4,2,2,1,2,1,1,6,3,6,1,67,4,28,1,3,5,3,128,0,0,1,0,0,0,1,1,0,3,3,NA,6,3,5,5,6,6,4.25,63,22.6717057193248,1,1,1,NA,4.25,-0.632686650452512,1
149,263,1,1,1,1053192:00:00,4,10:22:00.000000,1,1,56,5,6,3,6,1,1,6,5,6,1,0,1,50,1,22,7,3,5,4,180,0,0,0,0,0,0,0,0,0,3,0,NA,2,1,4,1,1,2,1.625,64,30.8935546875,1,NA,NA,1,1.625,-0.632686650452512,0
150,264,1,0,1,1053192:00:00,4,10:12:00.000000,1,1,58,1,1,1,1,3,6,6,3,6,6,8,1,58,3,20,2,2,5,5,120,0,1,1,0,0,0,1,1,0,3,4,NA,6,6,6,6,1,4,4.75,65,19.9668639053254,1,NA,NA,1,4.75,-0.632686650452512,0
151,46,2,0,0,1053192:00:00,4,10:19:00.000000,0,1,56,6,4,4,4,4,4,4,4,4,1,1,NA,56,3,NA,NA,NA,NA,NA,NA,0,0,0,0,1,0,1,1,0,2,3,NA,1,3,3,3,3,3,3,NA,NA,NA,1,1,NA,3,NA,0
152,54,2,1,1,1053192:00:00,4,11:27:00.000000,1,1,55,1,4,2,4,6,6,1,5,1,4,2,1,57,3,20,1,1,5,5,NA,1,0,0,0,0,0,1,1,0,1,3,NA,6,3,5,3,6,2,4.625,65,NA,NA,NA,NA,1,4.625,NA,1
153,79,2,1,1,1053192:00:00,4,11:31:00.000000,1,1,54,2,5,5,4,1,4,4,4,4,2,3,1,NA,4,23,2,3,5,5,180,1,1,0,0,1,0,0,0,0,2,3,NA,5,2,2,3,3,3,2.875,65,29.9502958579882,1,NA,NA,1,2.875,0.90628087767522,0
154,136,2,1,1,1053192:00:00,4,10:56:00.000000,1,1,56,3,6,6,3,2,3,3,5,2,1,2,1,65,4,22,7,2,5,4,140,0,0,0,0,1,0,1,1,0,1,3,NA,4,1,1,4,4,2,2.625,64,24.0283203125,1,NA,NA,1,2.625,0.90628087767522,0
155,142,2,1,1,1053192:00:00,4,10:30:00.000000,1,1,55,3,3,4,3,1,3,3,5,4,1,0,1,NA,6,22,2,NA,5,6,123,1,0,1,0,1,0,1,1,0,2,5,NA,4,4,3,4,4,2,3.125,66,19.8505509641873,1,NA,NA,1,3.125,0.90628087767522,0
156,246,2,1,0,1053192:00:00,4,11:18:00.000000,1,1,55,6,6,4,NA,4,4,6,6,4,6,8,1,48,4,18,1,1,5,6,165,1,0,0,0,1,0,1,1,1,1,5,NA,1,1,3,NA,1,1,2.14285714285714,66,26.6287878787879,1,1,1,NA,NA,0.90628087767522,1
157,255,2,1,1,1053192:00:00,4,11:31:00.000000,1,1,54,4,5,5,4,1,3,5,5,6,1,3,2,60,3,25,2,1,5,3,180,1,1,0,0,0,0,0,0,0,2,2,NA,3,2,2,3,2,2,2.25,63,31.8820861678005,1,NA,NA,1,2.25,0.90628087767522,0
158,259,2,1,1,1053192:00:00,4,10:54:00.000000,1,1,56,1,4,2,1,4,5,5,3,1,1,2,1,65,4,22,1,2,5,2,135,0,0,0,0,1,0,0,1,0,2,2,NA,6,3,5,6,2,4,4.375,62,24.6891259105099,1,NA,NA,1,4.375,0.90628087767522,1
159,63,3,1,1,1053192:00:00,4,10:41:00.000000,1,1,55,2,3,6,6,4,2,4,6,6,1,2,1,62,2,21,1,4,5,8,122,0,0,0,0,0,0,1,0,0,1,1,NA,5,4,1,1,3,1,2.625,68,18.5480103806228,1,NA,NA,1,2.625,2.44524840580295,1
160,224,3,1,1,1053192:00:00,4,10:48:00.000000,1,1,55,2,2,2,5,5,5,5,5,1,2,4,1,62,3,35,1,3,5,9,160,0,1,0,0,1,0,1,0,0,1,3,NA,5,5,5,2,2,2,3.875,69,23.6252888048729,1,NA,NA,1,3.875,2.44524840580295,1
161,256,3,0,1,1053192:00:00,4,11:18:00.000000,1,1,55,2,2,1,1,6,6,6,3,1,5,4,1,55,1,19,1,1,5,5,180,0,0,1,1,1,0,1,1,1,1,6,NA,5,5,6,6,1,4,4.875,65,29.9502958579882,1,NA,NA,1,4.875,2.44524840580295,1
162,257,3,0,1,1053192:00:00,4,11:06:00.000000,1,1,55,6,6,6,1,6,6,NA,1,5,5,5,2,NA,4,23,4,3,5,0,115,1,0,0,0,0,0,1,0,0,1,2,NA,1,1,1,6,NA,6,3.85714285714286,60,22.4569444444444,1,NA,NA,1,NA,2.44524840580295,0
163,41,NA,0,0,1053312:00:00,5,09:50:00.000000,1,1,48,1,1,1,6,1,1,2,1,4,1,0,NA,NA,1,NA,NA,NA,NA,NA,NA,0,1,0,1,0,0,0,1,0,1,3,NA,6,6,6,1,5,6,4,NA,NA,NA,1,1,NA,4,NA,0
164,175,NA,1,1,1053312:00:00,5,10:15:00.000000,1,1,48,1,3,NA,4,4,2,2,3,5,4,5,1,48,4,18,1,2,4,11,115,0,0,0,0,1,0,1,0,1,2,3,NA,6,4,NA,3,5,4,4,59,23.2246480896294,1,NA,NA,1,NA,NA,1
165,240,NA,1,1,1053312:00:00,5,10:14:00.000000,1,1,48,1,3,4,4,NA,6,3,3,6,4,5,1,59,2,NA,1,1,5,6,120,0,0,0,0,1,0,1,1,1,3,4,NA,6,4,3,3,4,4,4.28571428571429,66,19.366391184573,1,NA,NA,1,NA,NA,1
166,243,NA,1,1,1053312:00:00,5,10:07:00.000000,1,1,48,1,1,1,2,3,4,1,1,6,5,4,1,NA,2,20,1,1,5,4,140,0,0,0,0,1,0,1,1,0,2,3,NA,6,6,6,5,6,6,5.25,64,24.0283203125,1,NA,NA,1,5.25,NA,1
167,244,NA,1,1,1053312:00:00,5,10:07:00.000000,1,1,48,1,3,NA,1,6,6,1,1,6,2,4,1,50,2,21,1,NA,5,5,120,0,0,0,0,1,0,1,0,0,2,2,NA,6,4,NA,6,6,6,5.71428571428571,65,19.9668639053254,1,NA,NA,1,NA,NA,1
168,267,NA,1,1,1053312:00:00,5,10:07:00.000000,1,1,48,1,3,4,3,5,5,3,3,5,3,3,1,50,4,21,1,1,5,5,115,0,0,0,1,0,0,1,1,0,2,3,NA,6,4,3,4,4,4,4.375,65,19.1349112426036,1,NA,NA,1,4.375,NA,1
169,39,1,0,1,1053312:00:00,5,09:44:00.000000,1,1,48,3,3,3,3,3,3,4,4,4,4,3,1,51,4,24,1,1,5,4,119,0,0,0,0,1,0,1,1,1,3,4,NA,4,4,4,4,3,3,3.5,64,20.424072265625,1,NA,NA,1,3.5,-0.632686650452512,1
170,40,1,1,1,1053312:00:00,5,09:50:00.000000,1,1,48,1,5,3,2,4,6,4,3,6,1,0,1,NA,3,21,1,1,5,2,125,0,0,0,0,1,0,1,0,1,3,3,NA,6,2,4,5,3,4,4.25,62,22.8603017689906,1,NA,NA,1,4.25,-0.632686650452512,1
171,43,1,1,1,1053312:00:00,5,09:59:00.000000,1,1,48,2,4,4,3,1,2,3,3,6,1,0,1,52,2,18,1,1,5,11,140,0,0,0,0,1,0,1,1,0,3,3,NA,5,3,3,4,4,4,3.25,71,19.5239039873041,1,NA,NA,1,3.25,-0.632686650452512,1
172,81,1,1,1,1053312:00:00,5,10:13:00.000000,1,1,48,2,2,2,4,4,4,2,2,6,1,2,1,52,5,21,1,1,5,0,108,0,0,0,0,1,0,0,0,0,2,1,NA,5,5,5,3,5,5,4.5,60,21.09,1,NA,NA,1,4.5,-0.632686650452512,1
173,82,1,1,1,1053312:00:00,5,10:15:00.000000,1,1,48,2,3,3,1,2,5,3,6,6,1,0,2,52,6,22,6,2,5,2,130,0,1,0,0,0,0,0,0,0,2,1,NA,5,4,4,6,4,1,3.875,62,23.7747138397503,1,NA,NA,1,3.875,-0.632686650452512,0
174,94,1,1,1,1053312:00:00,5,NA,1,1,48,2,5,3,1,6,5,1,6,6,3,4,1,55,3,18,1,2,5,3,110,0,0,0,0,1,0,0,1,0,2,2,NA,5,2,4,6,6,1,4.375,63,19.4834971025447,1,NA,NA,1,4.375,-0.632686650452512,1
175,123,1,1,0,1053312:00:00,5,10:05:00.000000,1,1,48,3,3,1,1,1,3,5,1,6,4,5,1,55,4,18,1,1,5,1,120,0,0,0,0,1,0,1,1,0,3,3,NA,4,4,6,6,2,6,4,61,22.6713249126579,1,1,1,NA,4,-0.632686650452512,1
176,129,1,1,0,1053312:00:00,5,09:23:00.000000,1,1,49,6,5,2,5,5,6,6,4,4,3,4,1,54,3,18,1,1,5,5,145,0,1,1,1,1,0,1,1,0,3,6,NA,1,2,5,2,1,3,3.125,65,24.1266272189349,1,1,1,NA,3.125,-0.632686650452512,1
177,130,1,1,1,1053312:00:00,5,09:23:00.000000,1,1,49,2,6,6,3,6,4,4,1,5,1,0,1,65,4,18,1,1,5,7,118,0,0,1,1,1,1,1,1,0,3,6,NA,5,1,1,4,3,6,3.75,67,18.4793940744041,1,NA,NA,1,3.75,-0.632686650452512,1
178,131,1,1,1,1053312:00:00,5,09:15:00.000000,1,1,48,4,6,6,6,1,3,6,6,6,2,1,1,60,3,43,1,1,5,2,169,0,0,0,0,0,0,0,0,0,3,0,NA,3,1,1,1,1,1,1.5,62,30.9071279916753,1,NA,NA,1,1.5,-0.632686650452512,1
179,132,1,1,1,1053312:00:00,5,09:00:00.000000,1,1,48,4,NA,3,3,4,4,2,3,5,2,1,1,56,5,18,1,1,5,8,130,0,0,1,0,1,0,1,1,1,3,5,NA,3,NA,4,4,5,4,4,68,19.7642733564014,1,NA,NA,1,NA,-0.632686650452512,1
180,179,1,1,1,1053312:00:00,5,10:26:00.000000,1,1,48,1,3,2,1,5,5,2,3,1,3,2,1,50,6,18,1,1,5,5,115,1,1,0,0,0,0,1,1,0,2,4,NA,6,4,5,6,5,4,5,65,19.1349112426036,1,NA,NA,1,5,-0.632686650452512,1
181,181,1,1,0,1053312:00:00,5,10:13:00.000000,1,1,48,4,4,6,1,1,3,3,6,6,4,5,1,55,3,18,1,1,5,7,140,0,0,1,1,1,0,1,1,0,3,5,NA,3,3,1,6,4,1,2.75,67,21.9247048340388,1,1,1,NA,2.75,-0.632686650452512,1
182,187,1,0,1,1053312:00:00,5,10:23:00.000000,1,1,48,4,3,3,2,3,3,3,3,4,1,0,1,50,5,18,1,1,5,1,130,0,0,0,0,0,0,0,0,0,3,0,NA,3,4,4,5,4,4,3.75,61,24.5606019887127,1,NA,NA,1,3.75,-0.632686650452512,1
183,190,1,0,1,1053312:00:00,5,10:13:00.000000,1,1,48,2,6,3,2,3,2,3,2,6,3,3,1,50,4,19,1,1,5,8,196,0,0,0,0,1,0,1,0,0,3,2,NA,5,1,4,5,4,5,3.625,68,29.7984429065744,1,NA,NA,1,3.625,-0.632686650452512,1
184,194,1,1,1,1053312:00:00,5,09:50:00.000000,1,1,48,1,2,2,1,3,5,4,3,5,1,1,1,55,5,21,1,1,5,5,110,0,0,0,0,0,0,1,0,0,3,1,NA,6,5,5,6,3,4,4.625,65,18.3029585798817,1,NA,NA,1,4.625,-0.632686650452512,1
185,215,1,1,1,1053312:00:00,5,09:44:00.000000,1,1,48,5,5,5,5,1,NA,2,4,3,2,5,1,54,4,19,1,1,5,4,125,0,0,0,0,1,0,1,1,0,3,3,NA,2,2,2,2,5,3,2.42857142857143,64,21.453857421875,1,NA,NA,1,NA,-0.632686650452512,1
186,218,1,1,1,1053312:00:00,5,09:23:00.000000,1,1,48,1,4,NA,1,6,4,2,3,6,1,0,1,60,3,19,3,1,5,4,130,0,0,1,1,1,0,1,1,0,3,5,NA,6,3,NA,6,5,4,4.85714285714286,64,22.31201171875,1,NA,NA,1,NA,-0.632686650452512,0
187,219,1,1,1,1053312:00:00,5,09:23:00.000000,1,1,49,1,5,3,3,5,4,2,3,6,1,1,1,55,3,18,5,NA,5,8,118,0,1,1,1,1,0,1,1,0,3,6,NA,6,2,4,4,5,4,4.25,68,17.9398788927336,1,NA,NA,1,4.25,-0.632686650452512,0
188,220,1,1,0,1053312:00:00,5,09:00:00.000000,1,1,48,1,6,6,1,6,6,3,1,6,3,2,1,50,1,21,1,2,5,7,NA,0,0,1,0,0,0,0,0,0,3,1,NA,6,1,1,6,4,6,4.5,67,NA,NA,1,1,NA,4.5,NA,1
189,221,1,1,0,1053312:00:00,5,09:00:00.000000,1,1,48,3,5,6,2,4,3,3,3,6,1,2,1,60,3,18,1,1,5,7,150,0,0,1,1,0,0,1,1,1,3,5,NA,4,2,1,5,4,4,3.375,67,23.4907551793272,1,1,1,NA,3.375,-0.632686650452512,1
190,241,1,1,1,1053312:00:00,5,10:15:00.000000,1,1,48,3,3,1,1,1,3,3,2,6,4,5,1,55,4,18,1,1,5,4,120,0,0,1,1,0,0,1,1,0,3,4,NA,4,4,6,6,4,5,4.125,64,20.595703125,1,NA,NA,1,4.125,-0.632686650452512,1
191,242,1,0,0,1053312:00:00,5,10:14:00.000000,1,1,48,2,5,4,3,1,6,6,6,6,5,1,1,50,4,19,1,1,5,8,135,0,0,0,0,1,0,1,0,1,3,3,NA,5,2,3,4,1,1,2.875,68,20.524437716263,1,1,1,NA,2.875,-0.632686650452512,1
192,251,1,0,1,1053312:00:00,5,09:23:00.000000,1,1,49,1,1,3,6,6,6,6,1,6,1,0,1,55,6,19,1,1,5,2,115,0,0,1,1,0,0,1,1,0,3,4,NA,6,6,4,1,1,6,4.5,62,21.0314776274714,1,NA,NA,1,4.5,-0.632686650452512,1
193,253,1,1,1,1053312:00:00,5,09:05:00.000000,1,1,48,5,6,6,6,1,1,3,6,6,1,1,1,48,2,32,1,3,5,2,120,0,0,0,0,1,0,1,0,0,3,2,NA,2,1,1,1,4,1,1.5,62,21.945889698231,1,NA,NA,1,1.5,-0.632686650452512,1
194,254,1,1,0,1053312:00:00,5,09:00:00.000000,1,1,48,2,5,6,2,3,5,5,3,6,1,2,1,60,3,18,4,1,5,9,150,0,0,1,1,1,0,1,1,0,3,5,NA,5,2,1,5,2,4,3.375,69,22.1487082545684,1,1,1,NA,3.375,-0.632686650452512,0
195,269,1,1,1,1053312:00:00,5,09:59:00.000000,1,1,48,2,4,4,1,1,6,2,3,6,1,0,1,50,1,18,5,1,5,1,115,1,0,0,0,0,0,1,1,0,2,3,NA,5,3,3,6,5,4,4.125,61,21.7266863746305,1,NA,NA,1,4.125,-0.632686650452512,0
196,270,1,1,1,1053312:00:00,5,09:50:00.000000,1,1,48,1,2,1,3,3,3,3,3,1,4,6,2,NA,1,19,1,1,5,2,136,0,0,0,0,1,0,0,1,0,3,2,NA,6,5,6,4,4,4,4.375,62,24.8720083246618,1,NA,NA,1,4.375,-0.632686650452512,1
197,271,1,1,1,1053312:00:00,5,09:55:00.000000,1,1,48,1,3,3,2,3,2,1,3,5,3,2,1,50,5,18,1,1,5,6,121,0,0,0,0,1,0,0,0,0,3,1,NA,6,4,4,5,6,4,4.25,66,19.5277777777778,1,NA,NA,1,4.25,-0.632686650452512,1
198,274,1,1,1,1053312:00:00,5,09:33:00.000000,1,1,48,6,4,NA,5,5,3,5,3,6,2,1,1,NA,4,40,2,3,5,NA,160,0,0,0,0,0,0,0,0,0,3,0,NA,1,3,NA,2,2,4,2.85714285714286,NA,NA,NA,NA,NA,1,NA,NA,0
199,275,1,1,1,1053312:00:00,5,09:23:00.000000,1,1,49,1,6,2,1,6,6,6,6,6,1,0,1,50,3,18,1,1,5,3,120,0,0,1,1,1,0,0,1,1,3,5,NA,6,1,5,6,1,1,4,63,21.254724111867,1,NA,NA,1,4,-0.632686650452512,1
200,276,1,1,1,1053312:00:00,5,09:00:00.000000,1,1,48,5,4,3,2,6,6,2,3,6,2,1,1,55,4,18,1,1,5,10,170,0,0,1,1,1,0,1,1,1,3,6,NA,2,3,4,5,5,4,4.375,70,24.3897959183673,1,NA,NA,1,4.375,-0.632686650452512,1
201,42,2,0,0,1053312:00:00,5,09:59:00.000000,0,0,48,5,5,5,5,5,5,5,5,5,4,2,1,60,5,20,1,1,5,7,110,0,0,0,1,0,0,1,1,0,3,3,NA,2,2,2,2,2,2,2.75,67,17.2265537981733,0,1,1,NA,2.75,NA,1
202,64,2,1,1,1053312:00:00,5,09:27:00.000000,1,1,48,5,4,5,3,5,5,2,5,3,2,2,1,58,4,18,1,1,5,2,125,1,0,1,1,1,0,1,1,0,1,6,NA,2,3,2,4,5,2,3.5,62,22.8603017689906,1,NA,NA,1,3.5,0.90628087767522,1
203,65,2,0,0,1053312:00:00,5,09:37:00.000000,0,1,48,1,6,6,6,6,6,6,6,1,3,2,2,50,4,18,1,1,5,9,140,0,0,0,0,0,0,1,1,0,1,2,NA,6,1,1,1,1,1,2.875,69,20.6721277042638,1,1,1,NA,2.875,0.90628087767522,1
204,80,2,1,1,1053312:00:00,5,10:07:00.000000,1,1,48,1,1,1,6,6,3,3,4,6,2,2,1,51,3,19,1,1,5,6,130,1,0,1,1,1,1,1,1,1,1,8,NA,6,6,6,1,4,3,4.375,66,20.9802571166208,1,NA,NA,1,4.375,0.90628087767522,1
205,83,2,1,1,1053312:00:00,5,10:15:00.000000,1,1,48,5,6,NA,3,1,5,6,6,6,2,4,1,48,2,19,1,1,5,3,130,0,0,0,0,1,0,0,0,1,3,2,NA,2,1,NA,4,1,1,2.14285714285714,63,23.0259511211892,1,NA,NA,1,NA,0.90628087767522,1
206,93,2,1,1,1053312:00:00,5,10:00:00.000000,1,1,48,2,3,2,1,3,4,3,2,6,2,1,1,55,3,18,1,1,5,2,175,0,0,0,0,1,0,1,0,1,2,3,NA,5,4,5,6,4,5,4.5,62,32.0044224765869,1,NA,NA,1,4.5,0.90628087767522,1
207,188,2,1,1,1053312:00:00,5,NA,1,1,48,3,5,3,5,4,5,1,5,1,5,8,1,60,3,18,1,3,5,6,160,0,0,0,0,1,0,1,0,1,2,3,NA,4,2,4,2,6,2,3.625,66,25.821854912764,1,NA,NA,1,3.625,0.90628087767522,1
208,189,2,1,1,1053312:00:00,5,10:14:00.000000,1,1,48,6,3,3,4,3,3,3,4,6,3,3,1,45,3,18,1,1,5,8,140,0,0,0,0,1,0,1,1,0,2,3,NA,1,4,4,3,4,3,3.125,68,21.2846020761246,1,NA,NA,1,3.125,0.90628087767522,1
209,191,2,1,1,1053312:00:00,5,10:07:00.000000,1,1,48,2,6,2,1,5,5,2,5,1,2,2,1,47,3,19,1,1,5,6,145,1,0,1,0,1,0,1,1,0,1,5,NA,5,1,5,6,5,2,4.25,66,23.4010560146924,1,NA,NA,1,4.25,0.90628087767522,1
210,192,2,1,1,1053312:00:00,5,10:00:00.000000,1,1,48,2,2,2,3,4,4,3,3,3,1,0,1,50,5,18,5,1,5,2,95,1,0,0,0,0,0,1,1,0,1,3,NA,5,5,5,4,4,4,4.375,62,17.3738293444329,1,NA,NA,1,4.375,0.90628087767522,0
211,193,2,0,0,1053312:00:00,5,09:50:00.000000,1,1,48,6,1,1,1,6,6,1,6,1,5,6,1,55,5,18,1,NA,5,5,140,1,0,0,0,1,0,0,0,1,1,3,NA,1,6,6,6,6,1,4.75,65,23.294674556213,1,1,1,NA,4.75,0.90628087767522,1
212,195,2,1,1,1053312:00:00,5,09:44:00.000000,1,1,48,5,4,4,4,2,5,4,4,3,3,1,1,50,5,22,1,1,5,1,110,1,0,0,0,1,0,1,1,0,1,4,NA,2,3,3,3,3,3,3,61,20.7820478366031,1,NA,NA,1,3,0.90628087767522,1
213,212,2,1,1,1053312:00:00,5,09:59:00.000000,1,1,48,1,2,1,2,4,5,2,2,2,1,0,1,55,3,21,1,1,5,1,125,0,0,0,0,1,0,1,0,0,2,2,NA,6,5,6,5,5,5,5.125,61,23.6159634506853,1,NA,NA,1,5.125,0.90628087767522,1
214,213,2,1,1,1053312:00:00,5,09:50:00.000000,1,1,48,1,3,4,2,3,3,4,2,4,3,4,1,58,3,18,1,1,5,1,129,0,0,1,0,1,0,0,1,0,2,3,NA,6,4,3,5,3,5,4,61,24.3716742811072,1,NA,NA,1,4,0.90628087767522,1
215,214,2,1,1,1053312:00:00,5,09:50:00.000000,1,1,48,4,4,3,2,1,4,4,3,5,2,2,1,40,4,18,1,1,5,2,120,0,0,0,0,1,0,0,0,0,2,1,NA,3,3,4,5,3,4,3.375,62,21.945889698231,1,NA,NA,1,3.375,0.90628087767522,1
216,216,2,0,1,1053312:00:00,5,09:32:00.000000,1,1,48,1,6,1,1,3,1,6,1,6,1,3,1,60,3,37,2,1,5,2,NA,1,0,0,0,1,0,0,1,0,1,3,NA,6,1,6,6,1,6,3.75,62,NA,NA,NA,NA,1,3.75,NA,0
217,249,2,1,1,1053312:00:00,5,09:37:00.000000,1,1,48,1,NA,2,1,6,6,4,2,1,2,2,1,55,6,19,1,1,5,2,120,0,0,1,0,1,0,1,1,1,1,5,NA,6,NA,5,6,3,5,5.28571428571429,62,21.945889698231,1,NA,NA,1,NA,0.90628087767522,1
218,266,2,0,0,1053312:00:00,5,10:07:00.000000,0,0,48,1,1,1,1,1,1,1,1,3,4,3,1,60,3,18,1,1,5,1,100,0,0,0,0,1,0,1,0,0,2,2,NA,6,6,6,6,6,6,4.75,61,18.8927707605482,0,1,1,NA,4.75,NA,1
219,268,2,1,1,1053312:00:00,5,10:07:00.000000,1,1,48,1,4,6,1,4,6,3,4,6,2,1,1,57,4,18,1,1,5,4,118,1,0,1,1,1,0,1,1,1,1,7,NA,6,3,1,6,4,3,4.125,64,20.25244140625,1,NA,NA,1,4.125,0.90628087767522,1
220,272,2,1,1,1053312:00:00,5,09:44:00.000000,1,1,48,2,5,2,5,5,5,5,5,5,4,6,1,50,1,20,1,1,5,3,135,1,0,0,0,1,0,1,0,0,1,3,NA,5,2,5,2,2,2,3.5,63,23.9115646258503,1,NA,NA,1,3.5,0.90628087767522,1
221,273,2,1,1,1053312:00:00,5,09:37:00.000000,1,1,48,2,3,1,2,3,5,2,1,3,2,1,1,55,2,20,1,1,4,9,NA,0,0,1,0,1,0,1,1,1,1,5,NA,5,4,6,5,5,6,4.875,57,NA,NA,NA,NA,1,4.875,NA,1
222,107,3,1,1,1053312:00:00,5,10:21:00.000000,1,1,48,2,2,3,1,1,3,3,3,4,3,3,1,55,3,19,1,1,5,0,110,0,0,1,0,1,0,1,1,0,1,4,NA,5,5,4,6,4,4,4,60,21.4805555555556,1,NA,NA,1,4,2.44524840580295,1
223,180,3,0,0,1053312:00:00,5,10:18:00.000000,0,1,48,1,3,1,1,1,1,1,1,2,3,2,1,49,2,21,1,1,5,4,115,1,1,0,0,1,0,1,1,0,1,5,NA,6,4,6,6,6,6,4.5,64,19.737548828125,1,1,1,NA,4.5,2.44524840580295,1
224,217,3,1,0,1053312:00:00,5,09:27:00.000000,1,1,48,6,5,4,4,4,4,4,4,4,2,3,1,NA,3,19,1,NA,5,1,120,1,0,1,1,1,1,1,1,1,1,8,NA,1,2,3,3,3,3,2.875,61,22.6713249126579,1,1,1,NA,2.875,2.44524840580295,1
